Ground Truth,Prediction,CER
FG6188,NXT8799,1.1666666666666667
MDT8815,KEP5992,1.0
QAA229B,ST553,1.0
QAA6156,KCJ362,1.0
QCB6359,QLJ965882,1.0
QCT1135,KLJ976,1.0
QPD1049,QRT9995M,1.0
QRG2888,WJJ3295,1.0
QAA7788R,QKW9992M,0.875
DET6868,QSJ6522,0.8571428571428571
