Ground Truth,Prediction,CER
OBD2666,QL D 8 0 2 6 8 8,1.8571428571428572
FG6188,WK T 6 7 6 5,1.8333333333333333
QAW7990,WF H 2 3 5 9,1.7142857142857142
QCB6359,QA B 8 9 6 5 5 3,1.7142857142857142
SB218F,JA 5 9 2 1 8 F,1.6666666666666667
T1M219,PA S 1 1 2 1 9,1.6666666666666667
QCT1135,PJ E 5 4 5 5,1.5714285714285714
QPD1049,QK J 7 6 3 5,1.5714285714285714
QPB520,QS U 9 5 2 B,1.5
KS2065Q,WA 5 2 0 6 5 B,1.4285714285714286
